Wall time,Step,Value
1605624517.3409154,0,-22.46774673461914
