Wall time,Step,Value
1605624519.2541373,0,-167.09857177734375
