Wall time,Step,Value
1603184155.6614974,0,30.733333587646484
1603184159.6636777,10,9.44186019897461
1603184163.227529,20,9.571428298950195
1603184166.6973588,30,9.25
1603184170.671625,40,9.25
1603184174.3640182,50,9.523809432983398
1603184177.9026036,60,9.302325248718262
1603184181.4258916,70,9.325581550598145
1603184185.1434793,80,9.181818008422852
1603184188.5871162,90,9.465116500854492
