Wall time,Step,Value
1603250138.012755,0,19.619047164916992
1603250169.8102126,10,158.3333282470703
1603250202.6667376,20,407.0
1603250235.0323029,30,926.0
1603250267.2900176,40,1000.0
1603250300.4060023,50,1000.0
1603250332.3411534,60,1000.0
1603250363.6569226,70,1000.0
1603250394.7204356,80,1000.0
1603250425.7310257,90,1000.0
