Wall time,Step,Value
1603184251.802637,0,29.35714340209961
1603184258.0895782,10,119.0
1603184265.5270193,20,113.25
1603184272.9233797,30,120.25
1603184280.2431915,40,200.0
1603184287.1488485,50,200.0
1603184294.9340773,60,200.0
1603184303.35104,70,200.0
1603184311.4557874,80,200.0
1603184318.3094847,90,200.0
