Wall time,Step,Value
1603184236.4565978,0,30.733333587646484
1603184243.391373,10,104.25
1603184251.0012426,20,114.75
1603184258.6078346,30,200.0
1603184266.5235527,40,200.0
1603184274.9681752,50,200.0
1603184283.3923316,60,200.0
1603184291.83702,70,200.0
1603184300.2833118,80,200.0
1603184310.8435192,90,200.0
