Wall time,Step,Value
1603184467.5947318,0,30.733333587646484
1603184476.303008,10,200.0
1603184482.0087497,20,73.66666412353516
1603184487.94536,30,87.0
1603184493.467744,40,200.0
1603184498.1669812,50,200.0
1603184503.2229917,60,200.0
1603184508.4021592,70,200.0
1603184513.7570002,80,200.0
1603184519.8017147,90,193.6666717529297
