Wall time,Step,Value
1603260256.666372,0,19.619047164916992
1603260287.1761518,10,128.0
1603260317.7596738,20,67.83333587646484
1603260349.3172636,30,1000.0
1603260380.6565082,40,1000.0
1603260411.4145393,50,1000.0
1603260442.4181218,60,1000.0
1603260472.5569866,70,1000.0
1603260503.0512285,80,1000.0
1603260533.4930859,90,1000.0
